,mean,std
rmse,223.3027516152694,10.144818768718833
pct_in_band,0.0,0.0
