fold,rmse,pct_in_band
0,224.67766963768105,0.0
1,237.50812849490472,0.0
2,226.3895523576417,0.0
3,210.48870879825594,0.0
4,217.4496987878634,0.0
