,mean,std
outcomeT_rmse,329.4600951630376,24.215230258629408
outcomeT_mae,253.96950731054795,19.92544134038419
outcomeT_r2,0.07732346983276017,0.065598836532059
outcomeT_within_100ngdl,0.2591347478644255,0.020462246129675298
inverse_within_1_overall,0.482606778726922,0.03977856328519459
inverse_within_1_SWITCH,0.6142905025257966,0.1100511466226036
inverse_within_1_stable,0.45877501901578766,0.04455060797734466
baseline_keepdose_exact,0.845737117663268,0.018173613442520446
