,mean,std
outcomeT_rmse,351.46947599097786,22.15138838408333
outcomeT_mae,269.0794408602469,15.887281941241369
outcomeT_r2,-0.0559290474894617,0.13363625866436926
outcomeT_within_100ngdl,0.257062551667126,0.014365883005461539
inverse_exact_dose,0.11544227059796089,0.06800066329592135
inverse_within_one_step,0.4281014053458253,0.06316195343638141
baseline_keepdose_exact,0.845737117663268,0.018173613442520446
