fold,outcomeT_rmse,outcomeT_mae,outcomeT_r2,outcomeT_within_100ngdl,inverse_exact_dose,inverse_within_one_step,baseline_keepdose_exact
0,133.9550104911093,106.99762624189604,0.6552701606137921,0.5791666666666667,0.4625,0.8458333333333333,0.14583333333333334
1,135.74105921732368,107.690139490216,0.6649662174524156,0.55,0.44166666666666665,0.8625,0.12916666666666668
2,134.2249869669133,107.55743182941609,0.6584710652200022,0.5458333333333333,0.42916666666666664,0.8583333333333333,0.17083333333333334
3,135.65448763272994,107.0708317663015,0.6415344433012493,0.5541666666666667,0.45416666666666666,0.85,0.14166666666666666
4,136.22432620977838,106.57663353425882,0.6465724334494003,0.5625,0.4791666666666667,0.8666666666666667,0.15416666666666667
