,mean,std
outcomeT_rmse,136.19436498453214,3.350839874716772
outcomeT_mae,106.1756088557438,2.68434803576579
outcomeT_r2,0.624672518896796,0.057324222223293
outcomeT_within_100ngdl,0.5591666666666666,0.017027347284752147
inverse_exact_dose,0.45,0.03173238794109963
inverse_within_one_step,0.8433333333333334,0.015756392000990882
baseline_keepdose_exact,0.15,0.024295632895188747
