,mean,std
outcomeT_rmse,140.90035627126312,3.1932028214593458
outcomeT_mae,111.48023382812501,2.4731684379917716
outcomeT_r2,0.6229306009753437,0.024363711795510466
outcomeT_within_100ngdl,0.53,0.01849361751764344
inverse_exact_dose,0.44416666666666665,0.010458250331675951
inverse_within_one_step,0.845,0.0157012030678473
baseline_keepdose_exact,0.14833333333333334,0.015478479684172257
