,mean,std
outcomeT_rmse,346.6771906216924,18.383112816370954
outcomeT_mae,266.9244151211565,15.647327314374891
outcomeT_r2,-0.028937098211519796,0.13748866338337196
outcomeT_within_100ngdl,0.24024800220446405,0.02358170925315763
inverse_within_1_overall,0.43544227059796087,0.05496574250472639
inverse_within_1_SWITCH,0.4551421209509445,0.07836906404704068
inverse_within_1_stable,0.43101938922288496,0.06111284897311703
baseline_keepdose_exact,0.845737117663268,0.018173613442520446
