,mean,std
outcomeT_rmse,140.52319370274648,2.9454418980452384
outcomeT_mae,111.27458575320756,2.079944698266252
outcomeT_r2,0.6250549870275502,0.021540949409396017
outcomeT_within_100ngdl,0.535,0.018304902197074025
inverse_exact_dose,0.4416666666666666,0.013501543121683038
inverse_within_one_step,0.8408333333333333,0.02112298642606097
baseline_keepdose_exact,0.14833333333333334,0.015478479684172257
