,mean,std
outcomeT_rmse,135.15997410357093,1.0051352146609929
outcomeT_mae,107.17853257241768,0.45053171405864545
outcomeT_r2,0.653362864007372,0.009359364223971768
outcomeT_within_100ngdl,0.5583333333333333,0.013176156917368271
inverse_exact_dose,0.4533333333333333,0.019184774055368916
inverse_within_one_step,0.8566666666666667,0.008640183897219903
baseline_keepdose_exact,0.14833333333333334,0.015478479684172257
