fold,outcomeT_rmse,outcomeT_mae,outcomeT_r2,outcomeT_within_100ngdl,inverse_exact_dose,inverse_within_one_step,baseline_keepdose_exact
0,139.31217757077076,110.87521767814977,0.6271457369900564,0.5333333333333333,0.42916666666666664,0.8208333333333333,0.14583333333333334
1,140.75289126235333,111.47209193781616,0.6397692499813822,0.5291666666666667,0.43333333333333335,0.8583333333333333,0.12916666666666668
2,137.87300182354502,110.55703821969136,0.6396543985036915,0.55,0.4583333333333333,0.8208333333333333,0.17083333333333334
3,145.4667068940502,114.57758476333774,0.5878015859430933,0.5083333333333333,0.45416666666666666,0.8375,0.14166666666666666
4,139.21119096301328,108.89099616704273,0.630903963719528,0.5541666666666667,0.43333333333333335,0.8666666666666667,0.15416666666666667
