fold,outcomeT_rmse,outcomeT_mae,outcomeT_r2,outcomeT_within_100ngdl,inverse_exact_dose,inverse_within_one_step,baseline_keepdose_exact
0,139.41170538219941,110.32297275594075,0.6266127954293375,0.525,0.44583333333333336,0.8291666666666667,0.14583333333333334
1,139.55620955942175,111.67690651982625,0.6458685778874922,0.525,0.42916666666666664,0.8416666666666667,0.12916666666666668
2,138.28840940747673,110.19600361175536,0.6374797043997152,0.5208333333333334,0.44583333333333336,0.8458333333333333,0.17083333333333334
3,146.37213549615305,115.67831074829103,0.5826543223945733,0.5166666666666667,0.44166666666666665,0.8375,0.14166666666666666
4,140.87332151106466,109.52697550481159,0.6220376047655998,0.5625,0.4583333333333333,0.8708333333333333,0.15416666666666667
