,n,Exact %,Within 1 step %,n (clean),Exact % (clean),Within 1 step % (clean)
"In-sample (production model, full data)",511.0,17.61252446183953,44.22700587084149,498.0,16.265060240963855,43.373493975903614
Out-of-sample (held-out patients),89.0,20.224719101123593,44.9438202247191,86.0,18.6046511627907,44.18604651162791
