,mean,std
outcomeT_rmse,140.21114554450077,2.9162405931434785
outcomeT_mae,111.05093538220157,2.10188877710871
outcomeT_r2,0.6267401216288597,0.020895888418891097
outcomeT_within_100ngdl,0.5358333333333333,0.0157563920009909
inverse_exact_dose,0.4408333333333333,0.011562030771259679
inverse_within_one_step,0.8433333333333334,0.016298006013006627
baseline_keepdose_exact,0.14833333333333334,0.015478479684172257
