fold,outcomeT_rmse,outcomeT_mae,outcomeT_r2,outcomeT_within_100ngdl,inverse_exact_dose,inverse_within_one_step,baseline_keepdose_exact
0,353.9423899642663,273.61680726789115,-0.19664152394805257,0.25654450261780104,0.06806282722513089,0.4293193717277487,0.8324607329842932
1,353.2014051684079,265.82793548059567,0.032020535217308965,0.2513089005235602,0.06282722513089005,0.3507853403141361,0.8534031413612565
2,319.13335319021513,246.47401784665686,-0.18433876287190354,0.2879581151832461,0.24083769633507854,0.5340314136125655,0.8638743455497382
3,369.97417413474295,290.3583975595246,0.051155184293556255,0.23684210526315788,0.19473684210526315,0.5263157894736842,0.8578947368421053
4,348.0503582634814,272.3184443374955,0.08907505258265336,0.22631578947368422,0.08421052631578947,0.35789473684210527,0.8210526315789474
