,n,Exact %,Within 1 step %,n (clean),Exact % (clean),Within 1 step % (clean)
"In-sample (production model, full data)",511.0,19.569471624266143,47.55381604696673,498.0,20.080321285140563,47.59036144578313
Out-of-sample (held-out patients),89.0,19.101123595505616,50.56179775280899,86.0,19.767441860465116,52.32558139534884
