,mean,std
outcomeT_rmse,348.86033614422274,18.539254877877664
outcomeT_mae,269.71912049843274,15.838278965154961
outcomeT_r2,-0.0417459029452875,0.13739686943529925
outcomeT_within_100ngdl,0.2517938826122899,0.023469896630507577
inverse_exact_dose,0.1301350234224304,0.08203784713966315
inverse_within_one_step,0.4396693303940479,0.08818500596456703
baseline_keepdose_exact,0.845737117663268,0.018173613442520446
