,n,% over,% under,% exact,% mis-dosed,% >1 rung from current
In-sample (full-data fit),511.0,33.268101761252446,47.94520547945205,18.786692759295498,81.2133072407045,55.77299412915851
"Full sample (CV, out-of-fold)",511.0,31.31115459882583,53.62035225048923,15.068493150684931,84.93150684931507,61.05675146771037
Out-of-sample (held-out patients),89.0,28.08988764044944,50.56179775280899,21.34831460674157,78.65168539325843,59.55056179775281
