,mean,std
exact_dose_accuracy,0.06222222222222222,0.015416041028346232
within_one_step_accuracy,0.22777777777777777,0.02832788618662659
quadratic_weighted_kappa,-0.0010579018240938654,0.015515158007004861
agreement_with_rubric,0.06222222222222222,0.015416041028346232
agreement_with_clinician,0.07222222222222223,0.01712337223046938
