,mean,std
exact_dose_accuracy,0.24666666666666667,0.03697680287176385
within_one_step_accuracy,0.7233333333333333,0.032250945052666645
quadratic_weighted_kappa,0.0,0.0
agreement_with_rubric,0.24666666666666667,0.03697680287176385
agreement_with_clinician,0.2477777777777778,0.034827617819238835
