,mean,std
exact_dose_accuracy,0.9666666666666666,0.010393492741038735
within_one_step_accuracy,1.0,0.0
quadratic_weighted_kappa,0.9822846786385663,0.004589954254102731
agreement_with_rubric,0.9666666666666666,0.010393492741038735
agreement_with_clinician,0.8744444444444444,0.030327431253235955
