,mean,std
exact_dose_accuracy,0.9744444444444446,0.009296222517045295
within_one_step_accuracy,1.0,0.0
quadratic_weighted_kappa,0.9863281542623978,0.004762382732761027
agreement_with_rubric,0.9744444444444446,0.009296222517045295
agreement_with_clinician,0.8844444444444445,0.026759099063982907
