,mean,std
exact_dose_accuracy,0.9855555555555556,0.0084254171600573
within_one_step_accuracy,1.0,0.0
quadratic_weighted_kappa,0.9922675414865612,0.004759323567150235
agreement_with_rubric,0.9855555555555556,0.0084254171600573
agreement_with_clinician,0.8855555555555554,0.016480441082434807
