fold,exact_dose_accuracy,within_one_step_accuracy,quadratic_weighted_kappa,agreement_with_rubric,agreement_with_clinician
0,0.9777777777777777,1.0,0.9875639076965593,0.9777777777777777,0.9
1,0.9666666666666667,1.0,0.9833018955440799,0.9666666666666667,0.8555555555555555
2,0.9722222222222222,1.0,0.9842866121935889,0.9722222222222222,0.9055555555555556
3,0.95,1.0,0.975226327379496,0.95,0.8333333333333334
4,0.9666666666666667,1.0,0.981044650379107,0.9666666666666667,0.8777777777777778
