fold,exact_dose_accuracy,within_one_step_accuracy,quadratic_weighted_kappa,agreement_with_rubric,agreement_with_clinician
0,0.06111111111111111,0.18333333333333332,0.003942675784445404,0.06111111111111111,0.06111111111111111
1,0.07777777777777778,0.25,-0.01696648458870542,0.07777777777777778,0.07222222222222222
2,0.044444444444444446,0.21666666666666667,0.008327710208851147,0.044444444444444446,0.05
3,0.05,0.25,-0.017552764724182435,0.05,0.08888888888888889
4,0.07777777777777778,0.2388888888888889,0.01695935419912198,0.07777777777777778,0.08888888888888889
