,mean,std
exact_dose_accuracy,0.8411111111111111,0.02242958804242929
within_one_step_accuracy,1.0,0.0
quadratic_weighted_kappa,0.9090286293091985,0.012700269139134959
agreement_with_rubric,0.8411111111111111,0.02242958804242929
agreement_with_clinician,0.7633333333333333,0.024088314876309788
