,mean,std
exact_dose_accuracy,0.8555555555555555,0.07586944602082035
within_one_step_accuracy,1.0,0.0
quadratic_weighted_kappa,0.9113923430504025,0.05249950172785965
agreement_with_rubric,0.8555555555555555,0.07586944602082035
agreement_with_clinician,0.7811111111111112,0.06068029964850289
