fold,exact_dose_accuracy,within_one_step_accuracy,quadratic_weighted_kappa,agreement_with_rubric,agreement_with_clinician
0,0.8722222222222222,1.0,0.9244084136722174,0.8722222222222222,0.7833333333333333
1,0.8166666666666667,1.0,0.9023411811127187,0.8166666666666667,0.7277777777777777
2,0.8444444444444444,1.0,0.9061417557450929,0.8444444444444444,0.7722222222222223
3,0.85,1.0,0.9191401570610941,0.85,0.75
4,0.8222222222222222,1.0,0.8931116389548693,0.8222222222222222,0.7833333333333333
