fold,exact_dose_accuracy,within_one_step_accuracy,quadratic_weighted_kappa,agreement_with_rubric,agreement_with_clinician
0,0.8,1.0,0.8703585147247119,0.8,0.7388888888888889
1,0.8611111111111112,1.0,0.9237908142528113,0.8611111111111112,0.7611111111111111
2,0.9444444444444444,1.0,0.9666753064020439,0.9444444444444444,0.8777777777777778
3,0.9111111111111111,1.0,0.9518088417388977,0.9111111111111111,0.8
4,0.7611111111111111,1.0,0.8443282381335478,0.7611111111111111,0.7277777777777777
